nombre,apellido,front,back,email
Caleb,Murphy,1,5,trocha@crawford.com
Kristen,Boone,5,5,leblancmarcus@yahoo.com
Andres,Hernandez,1,3,wandabuchanan@hotmail.com
Michael,Richardson,4,5,gomezpreston@gmail.com
Carrie,Turner,2,4,zayala@yahoo.com
Miranda,Quinn,5,2,marshallnicholas@hotmail.com
Joshua,Clay,3,1,dudleyerin@graham.com
Nathaniel,Stark,1,4,bhouse@henson-bautista.com
Joshua,Scott,5,3,veronicarollins@yahoo.com
Samuel,Hale,5,3,dillonfrank@dyer.com
Michael,Ali,4,1,lewismichele@thompson.org
Michelle,Mckinney,4,4,laurapratt@hotmail.com
Jeffrey,Knox,3,3,rmeyer@williams.info
Laura,Schneider,2,4,brownchristopher@horn.com
Zachary,Rojas,5,1,jessicahernandez@ibarra.org
Thomas,Yang,1,2,kristineedwards@hotmail.com
Samuel,Riggs,5,4,lucasderek@hotmail.com
Mark,Curtis,4,5,johnsbrandon@campbell.info
Lauren,Alexander,1,4,joe76@hotmail.com
Cheyenne,Morales,5,3,edward26@hunt-dean.com
Erin,Padilla,4,5,tsingh@hotmail.com
Ronald,Austin,5,3,sskinner@hotmail.com
Catherine,Stone,2,3,lejames@hotmail.com
Alan,Johnson,3,2,hdecker@miller.biz
Jeremy,Molina,1,3,jamesrivers@hotmail.com
Eric,Atkins,5,5,kbolton@evans.com
Emily,Elliott,3,3,smalltammy@gomez.com
Dwayne,Vaughan,2,3,barneschristopher@gmail.com
Michelle,Roberson,2,5,jamesalexander@yahoo.com
Kimberly,Pope,3,2,schmittrichard@pope-page.com
Toni,Lowe,5,1,garzasherry@johnson.biz
Ashley,Beck,5,5,robert70@davis.com
Daniel,Jackson,1,1,derekgreen@lambert.org
Becky,Fitzpatrick,5,3,kelly72@hotmail.com
Omar,Williams,2,1,elizabeth78@welch.com
Brandon,Barnes,2,3,brownbrittany@hotmail.com
Michael,Mitchell,5,2,qmiller@hotmail.com
Allen,Adams,5,4,wgentry@hotmail.com
David,Andrade,4,1,rodneyglenn@yahoo.com
Judy,Houston,4,1,jason57@sanchez-casey.info
Joshua,Griffin,1,3,hpreston@hamilton.com
Tiffany,West,3,1,silvalisa@gmail.com
Alyssa,Farmer,3,1,arroyomicheal@baker.com
Roger,Huber,2,3,victorburnett@anderson.biz
Timothy,Johnston,4,5,josephwright@harmon.com
Stanley,Mueller,4,4,lucas24@hotmail.com
Krista,Carrillo,2,5,james44@johnson.com
Danielle,Boyd,3,1,hfoster@jacobs-ferguson.com
Rodney,Hawkins,2,4,heathercastillo@gmail.com
Levi,Perez,1,2,wescobar@nguyen.info
Heather,Chambers,3,4,wflores@garcia.com
Sandra,Price,3,4,jenniferallen@smith.com
Alyssa,White,1,4,emilyhowell@terry.com
Vickie,Grimes,3,4,tanya13@gmail.com
Regina,Castillo,5,3,kellyvazquez@vincent.com
Denise,Espinoza,1,2,rebeccalloyd@hotmail.com
Kristen,Fletcher,4,1,dennissosa@hotmail.com
Alexis,Buck,3,1,danielcarr@howard.org
Ricardo,Hernandez,1,3,amanda47@peters.com
Kevin,Lawrence,5,3,nbaker@adams-greene.com
Thomas,James,5,3,jasonacosta@davis.com
Isaiah,Jordan,1,1,amanda58@randolph-cooley.biz
Corey,Woods,5,4,johnsontyler@yahoo.com
Allison,Montgomery,5,4,gdouglas@luna.net
Tiffany,Smith,4,1,ericataylor@gmail.com
Rebekah,Frost,3,2,reidcassidy@brown.com
Cathy,Evans,1,5,qwade@hotmail.com
Amanda,Davis,4,3,jared25@davis.com
Todd,Frye,1,2,nicole10@garcia.com
Rhonda,Davidson,1,1,mooredana@valenzuela.com
Lisa,Jackson,4,4,veronica60@lee-powell.com
Robert,Brown,1,5,elizabethskinner@hotmail.com
Garrett,Smith,1,1,marisa66@terrell.org
Michael,Thomas,5,1,patricia10@contreras.org
Elaine,Mclean,3,4,aaronbradshaw@robbins.biz
Colleen,Lynch,4,2,wsullivan@gmail.com
Jonathan,Contreras,3,4,cainmary@warner.net
Robert,Burton,5,1,shelleyprice@gmail.com
Andre,Patterson,1,2,fisherkenneth@hotmail.com
Jeffrey,Swanson,2,2,fhansen@hotmail.com
Felicia,Smith,5,5,mrosales@phillips.info
Michelle,Wood,1,2,browndalton@yahoo.com
Danielle,Fuller,5,2,lawrenceemily@gmail.com
Wendy,Holmes,4,5,rjones@gmail.com
Krista,Smith,1,5,stuart11@yahoo.com
Brianna,Cummings,1,5,uyates@cabrera.biz
Michael,Miller,1,1,ryanfitzpatrick@foster.com
Brenda,Holt,3,3,marissa60@garrison-taylor.com
Paula,Potter,4,2,lmartinez@yahoo.com
Megan,Jones,2,5,allengarcia@griffin.net
Terri,Riley,3,5,edwin86@hotmail.com
Keith,Alvarado,5,5,shawvictoria@smith-medina.com
Stephanie,Rodriguez,5,2,tony52@ruiz.com
Oscar,Miller,2,5,petersengerald@simmons.net
Charlene,Joseph,5,3,jennifer77@garcia.com
John,Medina,1,4,jturner@gmail.com
Christopher,Moore,5,2,emitchell@tran.com
Karen,Castillo,3,2,walkertyler@yahoo.com
Mason,Bennett,4,4,cjones@marquez.com
Johnny,Pena,3,5,longanthony@hotmail.com
Robert,Gonzalez,2,3,peter55@yahoo.com
Tamara,Moore,1,1,george62@yahoo.com
Sean,Stokes,2,1,jeffreyrichardson@white.biz
Daryl,Warren,3,2,foliver@martin-long.biz
Angela,Weber,4,4,vmitchell@green-fox.info
Thomas,Wallace,4,3,kellidavis@hotmail.com
Shawn,Shelton,4,4,brandonwilliams@gmail.com
Rebecca,Webster,5,2,lukefranklin@hotmail.com
Daniel,Harris,5,5,collinburns@hotmail.com
Teresa,Fernandez,2,3,darrellbell@turner.info
Mary,Archer,1,5,yvette44@yahoo.com
Jacqueline,Flynn,5,4,ipeck@gmail.com
Sarah,Kim,2,5,jmyers@hardin.net
Nicole,Peters,4,2,kleinjanet@gmail.com
Tanya,Bridges,4,4,nallen@gmail.com
James,Rice,5,2,robertstonya@henderson-johnson.com
Robin,Walker,3,3,uleon@hotmail.com
Alexander,Frazier,3,3,ujones@gmail.com
Andrew,Thompson,1,1,wbutler@henry-miller.com
Katrina,Krause,5,1,josemcclain@gmail.com
Susan,Turner,3,3,nicolelynch@hotmail.com
Katherine,Marshall,4,3,kmiller@macias.com
Sherry,Owens,1,4,michael65@wheeler.com
Stephanie,Kelley,3,2,christianclarke@gates.net
Christopher,Fritz,1,3,rwyatt@curtis.com
Hannah,Todd,4,1,xrollins@sims.biz
Norman,Lee,1,2,mirandakaren@yahoo.com
Elizabeth,Pierce,5,4,uchaney@yahoo.com
Nathan,Olson,5,2,josephbowman@hotmail.com
Gregory,Smith,4,4,nlawrence@vaughn.com
Kelly,Hawkins,3,4,thomaspatrick@myers.net
Crystal,Wells,1,3,eric98@hotmail.com
Steven,Weaver,1,5,marywagner@powers-potter.com
Joanna,Adams,5,1,cooperkenneth@aguilar.info
Kevin,Sanders,3,5,nelsoncourtney@callahan.com
Kyle,Dean,5,4,nicolerivera@vance.com
Wendy,Turner,3,2,john42@hart.org
Anthony,James,5,2,migueltucker@gmail.com
Andrew,Alvarado,5,2,thomasnatalie@evans.com
Heather,Stuart,1,2,denisejohnson@wells-castaneda.com
James,Flores,4,1,charlesvance@gmail.com
Meghan,Page,4,5,loriadams@cruz.com
Robert,Johnson,1,2,jbrock@hamilton.net
Gina,Kelly,2,3,katherine80@hotmail.com
Michael,Montes,3,2,davidlang@powell.com
Matthew,Salazar,4,2,bakerjason@mullins.com
Aaron,Obrien,4,4,fharris@morgan-hernandez.org
Tyler,Moon,1,3,luceropatrick@hotmail.com
Denise,Oconnell,4,3,millershawn@gmail.com
James,Barnes,4,1,znguyen@owens.com
Devin,Williams,3,3,brittanychan@gmail.com
Brittney,Lindsey,3,5,qwallace@yahoo.com
David,Ellison,4,2,rodriguezwilliam@gmail.com
David,Dodson,2,5,michaelyoung@hotmail.com
Kenneth,Harris,3,3,vsolis@yahoo.com
James,Mccann,1,4,swalker@allen.com
Kevin,Trevino,5,2,sara00@cooper-boyd.net
Peggy,Harrington,2,4,leslieadams@gmail.com
Shelley,Green,5,5,zjones@wright.com
Richard,Savage,5,5,powellbradley@gmail.com
Toni,Turner,1,1,mmiller@le.org
Philip,Chang,3,3,dana95@hotmail.com
Jessica,Collins,5,5,ssavage@peters.com
Pamela,Reed,2,3,campbelljessica@hotmail.com
Daniel,Rogers,1,2,varias@lynch.com
James,Williams,1,5,stanleyporter@gmail.com
Nicholas,Ramirez,4,4,lisa31@yahoo.com
Leslie,Burton,3,1,youngmary@yahoo.com
Tracey,Jenkins,5,4,april13@lawrence-tucker.com
Brian,Ingram,5,4,lisa22@rice.com
Ashley,Nguyen,1,4,jennifer14@hotmail.com
Joseph,Wheeler,1,5,quinneric@porter-benson.com
Richard,Osborne,1,2,okirk@yahoo.com
Melanie,Graham,4,2,brocksarah@salazar.info
Adam,Ferguson,4,2,mark20@yahoo.com
Billy,Parks,5,1,marymullen@miller-kennedy.biz
Brianna,Harris,5,5,fernandezcolleen@hotmail.com
Adam,Rogers,2,2,elliotterica@gmail.com
Christine,Tapia,3,5,jennifer78@hotmail.com
Chelsea,Long,2,2,cathyward@thompson.com
Joseph,Espinoza,2,4,conradjeffrey@hensley.biz
Blake,Long,4,4,wardsamuel@yahoo.com
Bruce,Simpson,1,2,millercody@mcdaniel.org
Tina,Andrade,5,3,lopezdavid@gmail.com
Melody,Fitzpatrick,2,1,danielwashington@ballard.com
Amy,Shaffer,1,1,oliverrobert@harrison.biz
Christine,Floyd,3,5,shane10@yahoo.com
Jacob,Mccoy,5,1,ashley58@gmail.com
Kevin,Elliott,5,1,martinezkatherine@gmail.com
Eric,Butler,1,2,tmiller@hotmail.com
Anna,Baker,3,3,margaretdoyle@hotmail.com
Scott,Walker,1,2,wmartinez@howard.net
Latoya,Kelley,5,1,leejennifer@gmail.com
Donald,Gomez,2,1,jessica24@callahan.net
Francisco,Adams,2,3,tyler02@gmail.com
Richard,Williamson,3,2,michaelwiggins@gmail.com
John,Thompson,1,1,kylewatkins@king-rivera.com
Patricia,Serrano,3,4,kimberlyadams@hansen-smith.com
Nathaniel,Scott,1,1,sherrysmith@dean.net
Joshua,Austin,1,2,randallmontgomery@gmail.com
Natasha,Stanley,4,4,elizabeth40@yahoo.com
Thomas,Smith,2,2,angela77@yahoo.com
Kristin,Young,3,4,edwardssharon@yahoo.com
Jose,Rodriguez,2,3,michaelbender@campos.com
Karen,Foster,3,4,sfarley@chen.com
Margaret,Mccoy,2,3,proctorcalvin@kelly-shepard.com
Mary,Thompson,2,4,osborneallison@erickson.biz
Shawn,Wheeler,3,5,susansavage@williams.net
Javier,Johnson,3,5,johnsonryan@harris-maxwell.com
Jacob,Christian,5,3,brownjessica@hotmail.com
Taylor,Hoffman,5,4,cunninghammadison@hotmail.com
Danielle,Hubbard,4,1,christian71@gmail.com
Steven,Smith,2,3,zjackson@juarez.org
Douglas,Holloway,3,4,lucasmclaughlin@werner-johnston.com
Natalie,Schultz,2,5,christina30@curry.com
Robert,Miller,2,4,alyssa01@robertson.biz
Kimberly,Carter,4,1,melissa83@yahoo.com
Jacob,Wells,3,3,jill40@stewart.com
Gerald,Graham,4,5,james58@jones.com
Jacob,Holland,2,3,andrewstracy@lewis.org
Kristin,Cox,2,2,gdillon@soto.info
Maria,Hartman,2,3,tiffany49@gmail.com
Barry,Stephens,1,5,haley52@wood.net
William,Page,3,3,davispatricia@barnes.com
Ryan,Robertson,3,2,jordanronald@hall.com
Diamond,Flores,1,5,yflores@espinoza.com
Jason,Maynard,1,3,vazquezkatherine@shelton.org
Barbara,Moore,4,2,christopher83@gmail.com
Martin,Roman,2,2,omoran@gmail.com
Monique,Williams,3,4,melindahamilton@williams.info
Mary,Brown,3,2,jamiebrown@hotmail.com
Charles,Thompson,1,2,robinsonjames@yahoo.com
James,Hickman,2,3,julia68@hotmail.com
Emily,Wood,5,2,kroberson@hotmail.com
Ashley,Long,2,4,matthewgarcia@lee-anderson.com
John,Myers,2,3,millertimothy@jones.com
Michael,Salas,3,4,ywilliamson@perez.com
Christopher,Moore,5,5,jonathanreyes@yahoo.com
Jeffrey,Little,1,3,martinezleslie@gmail.com
Angela,Beasley,2,2,hmarshall@jones.biz
Alexander,Montes,4,1,colleen95@hotmail.com
Stephanie,Lindsey,5,5,shelby72@mckinney.com
Caleb,Powell,1,4,yoderdarrell@mccann.net
Destiny,Mcmillan,4,3,kduarte@warren.com
Michelle,King,3,3,lisa04@gmail.com
Brian,Robertson,2,5,tamara73@gmail.com
Katie,Nelson,1,2,eosborne@gutierrez-smith.com
Amy,Brown,5,5,dwarren@hotmail.com
Kaitlin,Browning,5,5,jonesmelissa@stevens.com
Suzanne,Martinez,5,5,daniel99@yahoo.com
Jacob,Rodriguez,5,3,xcook@davis-smith.com
Victor,Green,2,3,samantha93@luna.info
Kimberly,Owens,2,4,amanda09@morrow.info
Larry,Lee,4,4,brent30@martinez.com
Daniel,Jennings,2,5,carla05@gmail.com
Edward,Waters,2,5,wilsonjacob@hotmail.com
Emily,Mills,4,3,erin94@brown.com
Cody,Frost,4,2,bergermichelle@hotmail.com
Julia,Houston,5,4,brian29@yahoo.com
Melinda,Horn,5,2,braymelissa@webb-raymond.com
Dustin,Hernandez,5,2,jamesmanning@hotmail.com
Heidi,Cross,1,2,brownbarbara@leonard.com
Elizabeth,Garcia,2,1,raymond64@bentley.com
Anthony,Schwartz,5,3,pauldawson@mccoy.com
Jacqueline,Turner,3,5,vaughnjose@benjamin-howard.com
Charles,Weeks,5,4,qgarcia@lopez.net
Laura,Banks,1,4,daniel29@yahoo.com
Jason,Olson,1,4,kennethpeterson@yahoo.com
Heather,Brown,1,2,smithalison@yahoo.com
Timothy,Elliott,1,3,sotorobert@gallagher-romero.com
Jason,Austin,5,1,jennifermckinney@gmail.com
Paul,Ayers,1,4,davidsmith@johnson.com
Adrienne,Thompson,5,1,nruiz@hotmail.com
Christian,Banks,2,5,vasquezkaren@chapman-perez.com
Sarah,Barnes,3,3,pamelacollins@hanson-suarez.com
Nancy,Allen,3,4,melissamiller@phillips-le.com
Ryan,Smith,1,5,tammyferrell@gmail.com
Tammy,Stout,4,3,matthewortega@gmail.com
Sandra,Parker,3,1,wendymartinez@hansen.com
Guy,Brewer,5,1,deborahbeck@francis.com
Michael,Hodges,5,4,michaelowens@gmail.com
Jerry,Ward,3,5,mitchellsamuel@williams.info
Steven,Smith,3,5,sherry58@bass.com
Gilbert,Wells,4,4,fhowe@moore.com
John,Nelson,1,5,thomasaaron@hurley-torres.biz
Candice,Smith,4,4,bryanowens@gardner.com
Travis,Anderson,5,1,rosalesbrad@yahoo.com
Teresa,Phillips,5,1,cartermario@yahoo.com
Michelle,Richards,3,5,rromero@hotmail.com
Valerie,Park,3,4,lauren23@grimes.org
Christine,Watson,5,5,klinedavid@hotmail.com
Jonathan,Kelly,3,5,david54@martinez-brooks.com
Briana,Santos,5,2,toddsims@yahoo.com
Maxwell,Ford,4,3,nicholas10@hotmail.com
Melissa,Soto,5,1,melissaking@rojas.info
Antonio,Perez,5,1,susan30@gmail.com
Christina,Floyd,5,4,ycook@francis.net
Eric,Wood,2,1,gwise@gmail.com
Lisa,Campbell,1,1,lthompson@yahoo.com
Stephanie,Martin,4,5,bonillakevin@hotmail.com
