nombre,apellido,front,back,email,bootcamp
Caleb,Murphy,1,5,trocha@crawford.com,bilbao
Kristen,Boone,5,5,leblancmarcus@yahoo.com,bilbao
Andres,Hernandez,1,3,wandabuchanan@hotmail.com,bilbao
Michael,Richardson,4,5,gomezpreston@gmail.com,bilbao
Carrie,Turner,2,4,zayala@yahoo.com,bilbao
Miranda,Quinn,5,2,marshallnicholas@hotmail.com,bilbao
Joshua,Clay,3,1,dudleyerin@graham.com,bilbao
Nathaniel,Stark,1,4,bhouse@henson-bautista.com,bilbao
Joshua,Scott,5,3,veronicarollins@yahoo.com,bilbao
Samuel,Hale,5,3,dillonfrank@dyer.com,bilbao
Michael,Ali,4,1,lewismichele@thompson.org,bilbao
Michelle,Mckinney,4,4,laurapratt@hotmail.com,bilbao
Jeffrey,Knox,3,3,rmeyer@williams.info,bilbao
Laura,Schneider,2,4,brownchristopher@horn.com,bilbao
Zachary,Rojas,5,1,jessicahernandez@ibarra.org,bilbao
Thomas,Yang,1,2,kristineedwards@hotmail.com,bilbao
Samuel,Riggs,5,4,lucasderek@hotmail.com,bilbao
Mark,Curtis,4,5,johnsbrandon@campbell.info,bilbao
Lauren,Alexander,1,4,joe76@hotmail.com,bilbao
Cheyenne,Morales,5,3,edward26@hunt-dean.com,bilbao
Erin,Padilla,4,5,tsingh@hotmail.com,vitoria
Ronald,Austin,5,3,sskinner@hotmail.com,vitoria
Catherine,Stone,2,3,lejames@hotmail.com,vitoria
Alan,Johnson,3,2,hdecker@miller.biz,vitoria
Jeremy,Molina,1,3,jamesrivers@hotmail.com,vitoria
Eric,Atkins,5,5,kbolton@evans.com,vitoria
Emily,Elliott,3,3,smalltammy@gomez.com,vitoria
Dwayne,Vaughan,2,3,barneschristopher@gmail.com,vitoria
Michelle,Roberson,2,5,jamesalexander@yahoo.com,vitoria
Kimberly,Pope,3,2,schmittrichard@pope-page.com,vitoria
Toni,Lowe,5,1,garzasherry@johnson.biz,vitoria
Ashley,Beck,5,5,robert70@davis.com,vitoria
Daniel,Jackson,1,1,derekgreen@lambert.org,vitoria
Becky,Fitzpatrick,5,3,kelly72@hotmail.com,vitoria
Omar,Williams,2,1,elizabeth78@welch.com,vitoria
Brandon,Barnes,2,3,brownbrittany@hotmail.com,vitoria
Michael,Mitchell,5,2,qmiller@hotmail.com,vitoria
Allen,Adams,5,4,wgentry@hotmail.com,vitoria
David,Andrade,4,1,rodneyglenn@yahoo.com,
Judy,Houston,4,1,jason57@sanchez-casey.info,vitoria
Joshua,Griffin,1,3,hpreston@hamilton.com,madrid
Tiffany,West,3,1,silvalisa@gmail.com,madrid
Alyssa,Farmer,3,1,arroyomicheal@baker.com,madrid
Roger,Huber,2,3,victorburnett@anderson.biz,madrid
Timothy,Johnston,4,5,josephwright@harmon.com,madrid
Stanley,Mueller,4,4,lucas24@hotmail.com,madrid
Krista,Carrillo,2,5,james44@johnson.com,madrid
Danielle,Boyd,3,1,hfoster@jacobs-ferguson.com,madrid
Rodney,Hawkins,2,4,heathercastillo@gmail.com,madrid
Levi,Perez,1,2,wescobar@nguyen.info,madrid
Heather,Chambers,3,4,wflores@garcia.com,madrid
Sandra,Price,3,4,jenniferallen@smith.com,madrid
Alyssa,White,1,4,emilyhowell@terry.com,madrid
Vickie,Grimes,3,4,tanya13@gmail.com,madrid
Regina,Castillo,5,3,kellyvazquez@vincent.com,madrid
Denise,Espinoza,1,2,rebeccalloyd@hotmail.com,madrid
Kristen,Fletcher,4,1,dennissosa@hotmail.com,madrid
Alexis,Buck,3,1,danielcarr@howard.org,madrid
Ricardo,Hernandez,1,3,amanda47@peters.com,madrid
Kevin,Lawrence,5,3,nbaker@adams-greene.com,madrid
Thomas,James,5,3,jasonacosta@davis.com,madrid
Isaiah,Jordan,1,1,amanda58@randolph-cooley.biz,madrid
Corey,Woods,5,4,johnsontyler@yahoo.com,santander
Allison,Montgomery,5,4,gdouglas@luna.net,santander
Tiffany,Smith,4,1,ericataylor@gmail.com,santander
Rebekah,Frost,3,2,reidcassidy@brown.com,santander
Cathy,Evans,1,5,qwade@hotmail.com,santander
Amanda,Davis,4,3,jared25@davis.com,santander
Todd,Frye,1,2,nicole10@garcia.com,santander
Rhonda,Davidson,1,1,mooredana@valenzuela.com,santander
Lisa,Jackson,4,4,veronica60@lee-powell.com,santander
Robert,Brown,1,5,elizabethskinner@hotmail.com,santander
Garrett,Smith,1,1,marisa66@terrell.org,santander
Michael,Thomas,5,1,patricia10@contreras.org,santander
Elaine,Mclean,3,4,aaronbradshaw@robbins.biz,santander
Colleen,Lynch,4,2,wsullivan@gmail.com,santander
Jonathan,Contreras,3,4,cainmary@warner.net,santander
Robert,Burton,5,1,shelleyprice@gmail.com,santander
Andre,Patterson,1,2,fisherkenneth@hotmail.com,santander
Jeffrey,Swanson,2,2,fhansen@hotmail.com,santander
Felicia,Smith,5,5,mrosales@phillips.info,santander
Michelle,Wood,1,2,browndalton@yahoo.com,santander
Danielle,Fuller,5,2,lawrenceemily@gmail.com,santander
Wendy,Holmes,4,5,rjones@gmail.com,santander
Krista,Smith,1,5,stuart11@yahoo.com,santander
Brianna,Cummings,1,5,uyates@cabrera.biz,santander
Michael,Miller,1,1,ryanfitzpatrick@foster.com,sevilla
Brenda,Holt,3,3,marissa60@garrison-taylor.com,sevilla
Paula,Potter,4,2,lmartinez@yahoo.com,sevilla
Megan,Jones,2,5,allengarcia@griffin.net,sevilla
Terri,Riley,3,5,edwin86@hotmail.com,sevilla
Keith,Alvarado,5,5,shawvictoria@smith-medina.com,sevilla
Stephanie,Rodriguez,5,2,tony52@ruiz.com,sevilla
Oscar,Miller,2,5,petersengerald@simmons.net,sevilla
Charlene,Joseph,5,3,jennifer77@garcia.com,sevilla
John,Medina,1,4,jturner@gmail.com,sevilla
Christopher,Moore,5,2,emitchell@tran.com,sevilla
Karen,Castillo,3,2,walkertyler@yahoo.com,sevilla
Mason,Bennett,4,4,cjones@marquez.com,sevilla
Johnny,Pena,3,5,longanthony@hotmail.com,sevilla
Robert,Gonzalez,2,3,peter55@yahoo.com,sevilla
Tamara,Moore,1,1,george62@yahoo.com,sevilla
Sean,Stokes,2,1,jeffreyrichardson@white.biz,sevilla
Daryl,Warren,3,2,foliver@martin-long.biz,sevilla
Angela,Weber,4,4,vmitchell@green-fox.info,sevilla
Thomas,Wallace,4,3,kellidavis@hotmail.com,sevilla
Shawn,Shelton,4,4,brandonwilliams@gmail.com,sevilla
Rebecca,Webster,5,2,lukefranklin@hotmail.com,sevilla
Daniel,Harris,5,5,collinburns@hotmail.com,sevilla
Teresa,Fernandez,2,3,darrellbell@turner.info,sevilla
Mary,Archer,1,5,yvette44@yahoo.com,sevilla
Jacqueline,Flynn,5,4,ipeck@gmail.com,sevilla
Sarah,Kim,2,5,jmyers@hardin.net,sevilla
Nicole,Peters,4,2,kleinjanet@gmail.com,sevilla
Tanya,Bridges,4,4,nallen@gmail.com,sevilla
James,Rice,5,2,robertstonya@henderson-johnson.com,sevilla
Robin,Walker,3,3,uleon@hotmail.com,asturias
Alexander,Frazier,3,3,ujones@gmail.com,asturias
Andrew,Thompson,1,1,wbutler@henry-miller.com,asturias
Katrina,Krause,5,1,josemcclain@gmail.com,asturias
Susan,Turner,3,3,nicolelynch@hotmail.com,asturias
Katherine,Marshall,4,3,kmiller@macias.com,asturias
Sherry,Owens,1,4,michael65@wheeler.com,asturias
Stephanie,Kelley,3,2,christianclarke@gates.net,asturias
Christopher,Fritz,1,3,rwyatt@curtis.com,asturias
Hannah,Todd,4,1,xrollins@sims.biz,asturias
Norman,Lee,1,2,mirandakaren@yahoo.com,asturias
Elizabeth,Pierce,5,4,uchaney@yahoo.com,asturias
Nathan,Olson,5,2,josephbowman@hotmail.com,asturias
Gregory,Smith,4,4,nlawrence@vaughn.com,asturias
Kelly,Hawkins,3,4,thomaspatrick@myers.net,asturias
Crystal,Wells,1,3,eric98@hotmail.com,asturias
Steven,Weaver,1,5,marywagner@powers-potter.com,asturias
Joanna,Adams,5,1,cooperkenneth@aguilar.info,asturias
Kevin,Sanders,3,5,nelsoncourtney@callahan.com,asturias
Kyle,Dean,5,4,nicolerivera@vance.com,asturias
Wendy,Turner,3,2,john42@hart.org,asturias
Anthony,James,5,2,migueltucker@gmail.com,asturias
Andrew,Alvarado,5,2,thomasnatalie@evans.com,asturias
Heather,Stuart,1,2,denisejohnson@wells-castaneda.com,asturias
James,Flores,4,1,charlesvance@gmail.com,asturias
Meghan,Page,4,5,loriadams@cruz.com,asturias
Robert,Johnson,1,2,jbrock@hamilton.net,asturias
Gina,Kelly,2,3,katherine80@hotmail.com,barcelona
Michael,Montes,3,2,davidlang@powell.com,barcelona
Matthew,Salazar,4,2,bakerjason@mullins.com,barcelona
Aaron,Obrien,4,4,fharris@morgan-hernandez.org,barcelona
Tyler,Moon,1,3,luceropatrick@hotmail.com,barcelona
Denise,Oconnell,4,3,millershawn@gmail.com,barcelona
James,Barnes,4,1,znguyen@owens.com,barcelona
Devin,Williams,3,3,brittanychan@gmail.com,barcelona
Brittney,Lindsey,3,5,qwallace@yahoo.com,barcelona
David,Ellison,4,2,rodriguezwilliam@gmail.com,barcelona
David,Dodson,2,5,michaelyoung@hotmail.com,barcelona
Kenneth,Harris,3,3,vsolis@yahoo.com,barcelona
James,Mccann,1,4,swalker@allen.com,barcelona
Kevin,Trevino,5,2,sara00@cooper-boyd.net,barcelona
Peggy,Harrington,2,4,leslieadams@gmail.com,barcelona
Shelley,Green,5,5,zjones@wright.com,barcelona
Richard,Savage,5,5,powellbradley@gmail.com,barcelona
Toni,Turner,1,1,mmiller@le.org,barcelona
Philip,Chang,3,3,dana95@hotmail.com,barcelona
Jessica,Collins,5,5,ssavage@peters.com,barcelona
Pamela,Reed,2,3,campbelljessica@hotmail.com,barcelona
Daniel,Rogers,1,2,varias@lynch.com,barcelona
James,Williams,1,5,stanleyporter@gmail.com,barcelona
Nicholas,Ramirez,4,4,lisa31@yahoo.com,barcelona
Leslie,Burton,3,1,youngmary@yahoo.com,tenerife
Tracey,Jenkins,5,4,april13@lawrence-tucker.com,tenerife
Brian,Ingram,5,4,lisa22@rice.com,tenerife
Ashley,Nguyen,1,4,jennifer14@hotmail.com,tenerife
Joseph,Wheeler,1,5,quinneric@porter-benson.com,tenerife
Richard,Osborne,1,2,okirk@yahoo.com,tenerife
Melanie,Graham,4,2,brocksarah@salazar.info,tenerife
Adam,Ferguson,4,2,mark20@yahoo.com,tenerife
Billy,Parks,5,1,marymullen@miller-kennedy.biz,tenerife
Brianna,Harris,5,5,fernandezcolleen@hotmail.com,tenerife
Adam,Rogers,2,2,elliotterica@gmail.com,tenerife
Christine,Tapia,3,5,jennifer78@hotmail.com,tenerife
Chelsea,Long,2,2,cathyward@thompson.com,tenerife
Joseph,Espinoza,2,4,conradjeffrey@hensley.biz,tenerife
Blake,Long,4,4,wardsamuel@yahoo.com,tenerife
Bruce,Simpson,1,2,millercody@mcdaniel.org,tenerife
Tina,Andrade,5,3,lopezdavid@gmail.com,tenerife
Melody,Fitzpatrick,2,1,danielwashington@ballard.com,tenerife
Amy,Shaffer,1,1,oliverrobert@harrison.biz,tenerife
Christine,Floyd,3,5,shane10@yahoo.com,tenerife
Jacob,Mccoy,5,1,ashley58@gmail.com,tenerife
Kevin,Elliott,5,1,martinezkatherine@gmail.com,tenerife
Eric,Butler,1,2,tmiller@hotmail.com,tenerife
Anna,Baker,3,3,margaretdoyle@hotmail.com,tenerife
Scott,Walker,1,2,wmartinez@howard.net,tenerife
Latoya,Kelley,5,1,leejennifer@gmail.com,tenerife
Donald,Gomez,2,1,jessica24@callahan.net,tenerife
Francisco,Adams,2,3,tyler02@gmail.com,tenerife
Richard,Williamson,3,2,michaelwiggins@gmail.com,tenerife
John,Thompson,1,1,kylewatkins@king-rivera.com,tenerife
Patricia,Serrano,3,4,kimberlyadams@hansen-smith.com,tenerife
Nathaniel,Scott,1,1,sherrysmith@dean.net,tenerife
Joshua,Austin,1,2,randallmontgomery@gmail.com,tenerife
Natasha,Stanley,4,4,elizabeth40@yahoo.com,tenerife
Thomas,Smith,2,2,angela77@yahoo.com,tenerife
Kristin,Young,3,4,edwardssharon@yahoo.com,tenerife
Jose,Rodriguez,2,3,michaelbender@campos.com,tenerife
Karen,Foster,3,4,sfarley@chen.com,tenerife
Margaret,Mccoy,2,3,proctorcalvin@kelly-shepard.com,tenerife
Mary,Thompson,2,4,osborneallison@erickson.biz,tenerife
Shawn,Wheeler,3,5,susansavage@williams.net,tenerife
Javier,Johnson,3,5,johnsonryan@harris-maxwell.com,tenerife
Jacob,Christian,5,3,brownjessica@hotmail.com,tenerife
Taylor,Hoffman,5,4,cunninghammadison@hotmail.com,tenerife
Danielle,Hubbard,4,1,christian71@gmail.com,tenerife
Steven,Smith,2,3,zjackson@juarez.org,tenerife
Douglas,Holloway,3,4,lucasmclaughlin@werner-johnston.com,tenerife
Natalie,Schultz,2,5,christina30@curry.com,tenerife
Robert,Miller,2,4,alyssa01@robertson.biz,tenerife
Kimberly,Carter,4,1,melissa83@yahoo.com,tenerife
Jacob,Wells,3,3,jill40@stewart.com,tenerife
Gerald,Graham,4,5,james58@jones.com,tenerife
Jacob,Holland,2,3,andrewstracy@lewis.org,tenerife
Kristin,Cox,2,2,gdillon@soto.info,tenerife
Maria,Hartman,2,3,tiffany49@gmail.com,galicia
Barry,Stephens,1,5,haley52@wood.net,galicia
William,Page,3,3,davispatricia@barnes.com,galicia
Ryan,Robertson,3,2,jordanronald@hall.com,galicia
Diamond,Flores,1,5,yflores@espinoza.com,galicia
Jason,Maynard,1,3,vazquezkatherine@shelton.org,galicia
Barbara,Moore,4,2,christopher83@gmail.com,galicia
Martin,Roman,2,2,omoran@gmail.com,galicia
Monique,Williams,3,4,melindahamilton@williams.info,galicia
Mary,Brown,3,2,jamiebrown@hotmail.com,galicia
Charles,Thompson,1,2,robinsonjames@yahoo.com,galicia
James,Hickman,2,3,julia68@hotmail.com,galicia
Emily,Wood,5,2,kroberson@hotmail.com,galicia
Ashley,Long,2,4,matthewgarcia@lee-anderson.com,galicia
John,Myers,2,3,millertimothy@jones.com,galicia
Michael,Salas,3,4,ywilliamson@perez.com,galicia
Christopher,Moore,5,5,jonathanreyes@yahoo.com,galicia
Jeffrey,Little,1,3,martinezleslie@gmail.com,galicia
Angela,Beasley,2,2,hmarshall@jones.biz,galicia
Alexander,Montes,4,1,colleen95@hotmail.com,galicia
Stephanie,Lindsey,5,5,shelby72@mckinney.com,galicia
Caleb,Powell,1,4,yoderdarrell@mccann.net,galicia
Destiny,Mcmillan,4,3,kduarte@warren.com,galicia
Michelle,King,3,3,lisa04@gmail.com,galicia
Brian,Robertson,2,5,tamara73@gmail.com,galicia
Katie,Nelson,1,2,eosborne@gutierrez-smith.com,galicia
Amy,Brown,5,5,dwarren@hotmail.com,galicia
Kaitlin,Browning,5,5,jonesmelissa@stevens.com,galicia
Suzanne,Martinez,5,5,daniel99@yahoo.com,galicia
Jacob,Rodriguez,5,3,xcook@davis-smith.com,galicia
Victor,Green,2,3,samantha93@luna.info,galicia
Kimberly,Owens,2,4,amanda09@morrow.info,galicia
Larry,Lee,4,4,brent30@martinez.com,galicia
Daniel,Jennings,2,5,carla05@gmail.com,galicia
Edward,Waters,2,5,wilsonjacob@hotmail.com,galicia
Emily,Mills,4,3,erin94@brown.com,galicia
Cody,Frost,4,2,bergermichelle@hotmail.com,galicia
Julia,Houston,5,4,brian29@yahoo.com,galicia
Melinda,Horn,5,2,braymelissa@webb-raymond.com,galicia
Dustin,Hernandez,5,2,jamesmanning@hotmail.com,galicia
Heidi,Cross,1,2,brownbarbara@leonard.com,galicia
Elizabeth,Garcia,2,1,raymond64@bentley.com,galicia
Anthony,Schwartz,5,3,pauldawson@mccoy.com,galicia
Jacqueline,Turner,3,5,vaughnjose@benjamin-howard.com,galicia
Charles,Weeks,5,4,qgarcia@lopez.net,galicia
Laura,Banks,1,4,daniel29@yahoo.com,galicia
Jason,Olson,1,4,kennethpeterson@yahoo.com,galicia
Heather,Brown,1,2,smithalison@yahoo.com,galicia
Timothy,Elliott,1,3,sotorobert@gallagher-romero.com,galicia
Jason,Austin,5,1,jennifermckinney@gmail.com,galicia
Paul,Ayers,1,4,davidsmith@johnson.com,galicia
Adrienne,Thompson,5,1,nruiz@hotmail.com,galicia
Christian,Banks,2,5,vasquezkaren@chapman-perez.com,galicia
Sarah,Barnes,3,3,pamelacollins@hanson-suarez.com,sevilla
Nancy,Allen,3,4,melissamiller@phillips-le.com,sevilla
Ryan,Smith,1,5,tammyferrell@gmail.com,sevilla
Tammy,Stout,4,3,matthewortega@gmail.com,sevilla
Sandra,Parker,3,1,wendymartinez@hansen.com,sevilla
Guy,Brewer,5,1,deborahbeck@francis.com,sevilla
Michael,Hodges,5,4,michaelowens@gmail.com,sevilla
Jerry,Ward,3,5,mitchellsamuel@williams.info,sevilla
Steven,Smith,3,5,sherry58@bass.com,sevilla
Gilbert,Wells,4,4,fhowe@moore.com,sevilla
John,Nelson,1,5,thomasaaron@hurley-torres.biz,sevilla
Candice,Smith,4,4,bryanowens@gardner.com,sevilla
Travis,Anderson,5,1,rosalesbrad@yahoo.com,sevilla
Teresa,Phillips,5,1,cartermario@yahoo.com,sevilla
Michelle,Richards,3,5,rromero@hotmail.com,sevilla
Valerie,Park,3,4,lauren23@grimes.org,sevilla
Christine,Watson,5,5,klinedavid@hotmail.com,sevilla
Jonathan,Kelly,3,5,david54@martinez-brooks.com,sevilla
Briana,Santos,5,2,toddsims@yahoo.com,sevilla
Maxwell,Ford,4,3,nicholas10@hotmail.com,sevilla
Melissa,Soto,5,1,melissaking@rojas.info,sevilla
Antonio,Perez,5,1,susan30@gmail.com,sevilla
Christina,Floyd,5,4,ycook@francis.net,sevilla
Eric,Wood,2,1,gwise@gmail.com,sevilla
Lisa,Campbell,1,1,lthompson@yahoo.com,sevilla
Stephanie,Martin,4,5,bonillakevin@hotmail.com,sevilla
